Referencia,Total_facturas,Total_cobros,Diferencia,Estado,Filas_facturas,Filas_cobros
FAC-2026-0901,1240.50,1240.50,0.00,MATCHED,1,1
FAC-2026-0902,875.00,875.00,0.00,MATCHED,1,1
FAC-2026-0903,2310.75,2300.75,10.00,DIFFERENCE,1,1
FAC-2026-0904,499.99,500.00,-0.01,MATCHED,1,1
FAC-2026-0905,1800.00,900.00,900.00,DIFFERENCE,1,1
FAC-2026-0906,1200.00,1200.00,0.00,DUPLICATE_REVIEW,1,2
FAC-2026-0907,640.00,0.00,640.00,ONLY_LEFT,1,0
FAC-2026-0908,3250.00,0.00,3250.00,ONLY_LEFT,1,0
FAC-2026-0909,95.25,95.25,0.00,MATCHED,1,1
FAC-2026-0910,1560.00,1560.00,0.00,DUPLICATE_REVIEW,2,1
NC-2026-0041,-150.00,-150.00,0.00,MATCHED,1,1
FAC-2026-0899,0.00,420.00,-420.00,ONLY_RIGHT,0,1
ANT-2026-0100,0.00,300.00,-300.00,ONLY_RIGHT,0,1